v12,v13,v14,v23,v24,v34,c
3.0482e+06,2.2342e+06,2.1205e+06,1.9853e+06,2.1258e+06,1.6845e+06,4
4.0782e+06,2.65e+06,2.6346e+06,2.4105e+06,2.7581e+06,2.378e+06,3
3.0292e+06,1.8351e+06,2.1508e+06,1.6776e+06,1.9257e+06,1.5123e+06,3
3.7468e+06,3.7237e+06,3.1856e+06,3.7008e+06,3.4541e+06,2.7186e+06,4
4.3695e+06,2.7884e+06,3.2385e+06,2.5443e+06,2.974e+06,2.3871e+06,3
7.1938e+06,6.304e+06,4.152e+06,6.7477e+06,4.0044e+06,3.3126e+06,4
5.5935e+06,3.1407e+06,4.9621e+06,3.1434e+06,3.8168e+06,2.6372e+06,3
2.7946e+06,2.6004e+06,2.4156e+06,2.1837e+06,1.8312e+06,2.0591e+06,2
3.9236e+06,2.7244e+06,2.6988e+06,2.6345e+06,2.4707e+06,2.2419e+06,3
5.7276e+06,5.4244e+06,5.4405e+06,5.3913e+06,5.5136e+06,4.9194e+06,1
4.3623e+06,3.2605e+06,2.9851e+06,3.6456e+06,2.9763e+06,2.5025e+06,4
6.3211e+06,5.2448e+06,5.5432e+06,5.2103e+06,5.0365e+06,4.6433e+06,2
4.8606e+06,2.352e+06,2.8499e+06,2.2529e+06,3.0132e+06,2.2053e+06,3
2.5551e+06,2.224e+06,1.7094e+06,2.1716e+06,2.0136e+06,1.6942e+06,4
2.5006e+06,1.8013e+06,2.1353e+06,2.4722e+06,2.3845e+06,1.7407e+06,1
3.4984e+06,2.6233e+06,2.8648e+06,3.3143e+06,3.3129e+06,3.3013e+06,1
3.3649e+06,2.4793e+06,2.6662e+06,2.4903e+06,2.5562e+06,2.3336e+06,1
2.1144e+06,1.6955e+06,1.5578e+06,1.8316e+06,1.5347e+06,1.9136e+06,1
3.8101e+06,3.0648e+06,3.0326e+06,3.0916e+06,3.2125e+06,3.2036e+06,1
5.7084e+06,4.1385e+06,3.4198e+06,3.925e+06,2.9163e+06,2.4415e+06,4
4.0421e+06,3.8371e+06,4.1468e+06,3.0886e+06,2.671e+06,3.3632e+06,2
5.1805e+06,3.06e+06,3.8227e+06,2.8e+06,3.7333e+06,2.2297e+06,3
3.5897e+06,3.2449e+06,1.9584e+06,3.4963e+06,1.891e+06,1.8254e+06,4
3.4689e+06,2.8877e+06,2.5377e+06,2.8796e+06,2.2156e+06,1.892e+06,4
3.7668e+06,3.0816e+06,3.0493e+06,2.4148e+06,2.8855e+06,2.565e+06,2
5.2103e+06,4.9873e+06,4.5837e+06,4.2491e+06,5.7119e+06,4.6146e+06,1
5.1482e+06,4.4658e+06,3.9574e+06,3.9669e+06,4.1432e+06,3.5735e+06,4
3.6672e+06,4.2215e+06,3.6789e+06,2.6048e+06,2.6133e+06,3.4518e+06,2
3.2277e+06,2.1436e+06,2.2137e+06,2.1016e+06,1.9115e+06,2.0531e+06,2
1.1425e+07,7.7459e+06,9.7508e+06,7.5386e+06,6.6209e+06,7.0349e+06,2
3.5177e+06,2.4488e+06,2.4846e+06,2.3498e+06,2.0517e+06,1.8405e+06,4
1.3143e+07,6.1061e+06,1.0129e+07,6.6762e+06,9.6295e+06,5.5689e+06,3
7.4173e+06,8.4848e+06,4.9841e+06,6.122e+06,4.553e+06,4.8641e+06,4
4.3007e+06,2.9309e+06,2.7461e+06,2.6301e+06,2.9952e+06,2.2202e+06,3
6.0698e+06,2.095e+06,3.1077e+06,2.0001e+06,3.3629e+06,1.794e+06,3
3.8454e+06,2.4629e+06,2.4665e+06,3.1223e+06,2.9786e+06,2.0575e+06,4
9.3282e+06,3.6031e+06,6.3948e+06,3.3208e+06,5.5641e+06,3.1579e+06,3
2.6935e+06,2.1145e+06,2.3783e+06,2.3188e+06,2.3671e+06,2.6332e+06,2
6.0069e+06,4.308e+06,4.1613e+06,3.9205e+06,3.7194e+06,3.0351e+06,3
2.771e+06,2.6445e+06,2.7786e+06,1.9612e+06,2.5563e+06,2.4516e+06,2
4.2273e+06,3.4182e+06,3.7554e+06,3.0973e+06,3.3534e+06,3.2942e+06,2
3.2252e+06,3.0101e+06,2.2739e+06,2.9818e+06,2.3366e+06,3.3029e+06,1
4.2287e+06,3.1371e+06,3.4836e+06,2.5806e+06,2.6134e+06,2.5003e+06,2
2.3753e+06,1.8901e+06,2.0683e+06,1.87e+06,1.7054e+06,1.7554e+06,2
3.0019e+06,2.3695e+06,2.0654e+06,2.2745e+06,2.2087e+06,2.7471e+06,1
3.9142e+06,3.1082e+06,2.7975e+06,2.879e+06,2.7248e+06,2.4675e+06,1
7.6342e+06,5.7504e+06,5.175e+06,7.6451e+06,6.0909e+06,5.2336e+06,1
5.0331e+06,3.6208e+06,4.4041e+06,3.4994e+06,3.655e+06,3.5573e+06,1
5.3161e+06,5.0759e+06,4.0551e+06,5.6288e+06,4.7885e+06,3.9874e+06,1
4.9221e+06,4.1923e+06,3.8063e+06,2.9462e+06,2.7032e+06,2.551e+06,2
3.2728e+06,2.2086e+06,2.9049e+06,2.0268e+06,2.3955e+06,1.6823e+06,3
4.5053e+06,4.4549e+06,2.8355e+06,4.0867e+06,2.5689e+06,2.1683e+06,4
4.2317e+06,2.5323e+06,1.9526e+06,2.698e+06,1.6616e+06,1.5206e+06,4
7.1379e+06,3.22e+06,4.3529e+06,3.2859e+06,5.4908e+06,2.52e+06,3
4.2227e+06,3.5873e+06,3.2886e+06,2.7797e+06,2.9899e+06,3.082e+06,2
3.9028e+06,3.3654e+06,3.3125e+06,4.2012e+06,4.2543e+06,4.0906e+06,1
3.4139e+06,2.0946e+06,2.3021e+06,2.1305e+06,1.8881e+06,1.8587e+06,3
3.2662e+06,2.8008e+06,2.9509e+06,2.3774e+06,2.5054e+06,2.3366e+06,2
2.6152e+06,1.9277e+06,1.8106e+06,1.8536e+06,1.6318e+06,1.4706e+06,4
7.2093e+06,7.363e+06,3.9403e+06,5.935e+06,3.4218e+06,3.7903e+06,4
9.8118e+06,8.702e+06,6.1608e+06,6.2473e+06,5.1036e+06,4.8674e+06,4
3.0381e+06,2.5049e+06,2.2872e+06,2.2969e+06,2.942e+06,2.871e+06,1
7.0359e+06,3.0738e+06,3.5491e+06,2.7332e+06,3.5595e+06,2.0247e+06,3
2.3152e+06,1.5787e+06,2.0118e+06,1.4779e+06,1.7995e+06,1.1957e+06,3
7.1134e+06,6.6175e+06,3.6551e+06,7.0816e+06,3.0381e+06,2.888e+06,4
5.2554e+06,3.6196e+06,3.0548e+06,4.7107e+06,2.5671e+06,2.363e+06,4
3.1253e+06,3.1149e+06,2.6621e+06,2.1547e+06,2.0586e+06,2.0221e+06,2
2.9633e+06,1.9624e+06,1.9929e+06,2.109e+06,2.0363e+06,1.4177e+06,4
1.6109e+07,7.9648e+06,1.4659e+07,9.8742e+06,1.5076e+07,7.6279e+06,3
3.7989e+06,3.868e+06,2.6772e+06,4.036e+06,3.4608e+06,3.1733e+06,1
4.0616e+06,3.5798e+06,3.2189e+06,3.1665e+06,2.8821e+06,3.6171e+06,1
2.8741e+06,2.5805e+06,2.7279e+06,3.0014e+06,2.1627e+06,2.8436e+06,2
5.2591e+06,4.1838e+06,3.0103e+06,5.4392e+06,3.3338e+06,3.1549e+06,4
3.2975e+06,2.6371e+06,3.0169e+06,2.9396e+06,3.1234e+06,2.5101e+06,1
3.6935e+06,2.3323e+06,2.6815e+06,2.2412e+06,2.4246e+06,2.8449e+06,1
5.4024e+06,2.6266e+06,3.6469e+06,2.7579e+06,3.2788e+06,2.0507e+06,3
3.6251e+06,2.8221e+06,2.8886e+06,3.6074e+06,2.4641e+06,2.6203e+06,1
2.7725e+06,1.9352e+06,2.107e+06,2.3649e+06,2.6939e+06,2.0504e+06,1
2.5933e+06,1.6217e+06,2.1364e+06,1.6743e+06,1.8964e+06,1.5744e+06,3
3.0051e+06,2.006e+06,1.8437e+06,1.8998e+06,1.4644e+06,1.1775e+06,4
4.1011e+06,1.599e+06,2.9622e+06,1.7507e+06,2.915e+06,1.4279e+06,3
1.4814e+06,1.1734e+06,1.198e+06,1.0351e+06,9.9512e+05,1.0647e+06,2
1.5543e+06,1.2306e+06,1.3486e+06,1.3263e+06,1.1954e+06,1.5051e+06,2
4.3955e+06,4.1558e+06,3.643e+06,3.2107e+06,2.7468e+06,3.2917e+06,2
1.6751e+06,1.1711e+06,1.3581e+06,1.5631e+06,1.5618e+06,1.4846e+06,1
3.086e+06,2.9876e+06,3.0803e+06,2.3068e+06,2.5928e+06,2.4219e+06,2
2.9396e+06,1.95e+06,1.5495e+06,1.6033e+06,1.4682e+06,1.2144e+06,4
3.6765e+06,2.7534e+06,2.7964e+06,2.5847e+06,2.5591e+06,3.3716e+06,1
5.1719e+06,3.2268e+06,4.3009e+06,3.3604e+06,4.728e+06,2.8241e+06,3
3.4155e+06,2.7146e+06,2.9746e+06,2.0745e+06,1.951e+06,2.1371e+06,2
6.5579e+06,2.3324e+06,3.9771e+06,2.5934e+06,4.9849e+06,2.1096e+06,3
2.3726e+06,2.3626e+06,2.1495e+06,2.279e+06,2.1194e+06,2.1823e+06,2
3.093e+06,2.3888e+06,2.2844e+06,2.2137e+06,2.3931e+06,2.2828e+06,1
8.2141e+06,3.8436e+06,5.0498e+06,4.2134e+06,6.2089e+06,2.6998e+06,3
2.8928e+06,1.9493e+06,2.0808e+06,1.6425e+06,1.4237e+06,2.1787e+06,2
3.0882e+06,2.3795e+06,1.9628e+06,2.6817e+06,1.8556e+06,1.9106e+06,4
6.8309e+06,3.803e+06,4.3375e+06,3.5319e+06,3.9936e+06,2.993e+06,4
5.9475e+06,4.4571e+06,3.1289e+06,5.1119e+06,2.7639e+06,2.5839e+06,4
5.1112e+06,5.6421e+06,3.4122e+06,5.4739e+06,4.5322e+06,3.8826e+06,1
6.2334e+06,3.8153e+06,5.0672e+06,4.1146e+06,4.5267e+06,3.1237e+06,3
7.4054e+06,5.7025e+06,5.1566e+06,4.9559e+06,4.1292e+06,3.551e+06,4
3.0021e+06,2.0744e+06,1.9e+06,1.7779e+06,1.9498e+06,1.6346e+06,2
4.1925e+06,2.6923e+06,2.9468e+06,3.3959e+06,2.4524e+06,2.2877e+06,4
3.0655e+06,2.2494e+06,2.3247e+06,1.8296e+06,2.1284e+06,1.6911e+06,2
2.8293e+06,1.6736e+06,1.9611e+06,1.5269e+06,2.1674e+06,1.2286e+06,3
2.4175e+06,2.4062e+06,2.118e+06,2.574e+06,2.2455e+06,2.1599e+06,1
8.5439e+06,7.9868e+06,4.4624e+06,8.2683e+06,4.2409e+06,4.1019e+06,4
3.6673e+06,3.1124e+06,2.8957e+06,2.6447e+06,2.9319e+06,2.7115e+06,2
5.1347e+06,6.3578e+06,5.4558e+06,4.4785e+06,4.2159e+06,4.5449e+06,2
5.6947e+06,3.8748e+06,3.939e+06,3.0176e+06,3.7049e+06,2.7515e+06,4
3.6873e+06,2.809e+06,2.8536e+06,2.4488e+06,2.2374e+06,2.4316e+06,2
1.4189e+07,8.2168e+06,1.0752e+07,8.3715e+06,8.8429e+06,6.0459e+06,3
1.808e+06,1.3091e+06,1.3008e+06,1.7039e+06,1.4463e+06,1.6433e+06,1
4.2845e+06,3.4126e+06,3.216e+06,4.1457e+06,3.8618e+06,3.9594e+06,1
2.5978e+06,2.0014e+06,2.4011e+06,2.0035e+06,2.1639e+06,2.2018e+06,1
1.9949e+06,2.0845e+06,2.4662e+06,1.2922e+06,1.5462e+06,1.9616e+06,2
2.4062e+06,1.7446e+06,1.6917e+06,1.6378e+06,1.8304e+06,1.1872e+06,4
2.3118e+06,1.6378e+06,1.8144e+06,1.5554e+06,1.9611e+06,1.7398e+06,1
5.0981e+06,1.8427e+06,2.9168e+06,1.7417e+06,3.5871e+06,1.3354e+06,3
1.8345e+06,1.5604e+06,1.9045e+06,1.5362e+06,1.8485e+06,1.5296e+06,1
8.5734e+06,3.8439e+06,5.8084e+06,4.2345e+06,5.6414e+06,3.134e+06,3
3.5563e+06,2.1982e+06,2.1949e+06,2.07e+06,1.8917e+06,1.7461e+06,4
9.8846e+06,1.2049e+07,9.6755e+06,6.9287e+06,6.8092e+06,8.0581e+06,2
5.5224e+06,3.2944e+06,4.4684e+06,3.192e+06,4.3329e+06,3.1588e+06,3
6.2638e+06,4.3003e+06,3.9218e+06,4.0494e+06,4.2118e+06,3.3564e+06,4
2.8805e+06,2.5005e+06,2.4926e+06,2.3462e+06,2.047e+06,2.4229e+06,2
4.6718e+06,5.5886e+06,4.3303e+06,4.9485e+06,3.569e+06,4.642e+06,2
4.1319e+06,2.5725e+06,2.9549e+06,3.0333e+06,2.6736e+06,2.3755e+06,4
4.7748e+06,4.8468e+06,3.965e+06,2.9856e+06,3.0767e+06,3.0249e+06,2
3.4072e+06,3.7014e+06,3.4098e+06,3.0033e+06,3.0617e+06,3.3194e+06,1
3.1147e+06,2.9829e+06,2.3806e+06,2.6299e+06,2.5999e+06,2.2242e+06,1
8.6813e+06,4.6688e+06,6.4357e+06,4.724e+06,6.3799e+06,3.5512e+06,3
7.7701e+06,5.0979e+06,4.1687e+06,5.8647e+06,3.0596e+06,2.7644e+06,4
7.5559e+06,4.7221e+06,6.1483e+06,5.4449e+06,5.548e+06,3.9439e+06,3
2.3746e+06,1.8891e+06,1.8272e+06,1.7156e+06,1.8483e+06,1.6673e+06,1
5.301e+06,3.3073e+06,4.0264e+06,3.325e+06,4.0467e+06,2.8511e+06,3
5.8186e+06,4.5535e+06,4.5087e+06,5.1209e+06,4.8004e+06,4.4571e+06,1
2.7753e+06,3.1772e+06,2.1757e+06,2.3097e+06,1.5817e+06,2.0933e+06,2
2.7716e+06,1.5568e+06,2.262e+06,1.4325e+06,1.8913e+06,1.1496e+06,3
3.4438e+06,2.188e+06,2.4122e+06,2.2024e+06,2.5024e+06,1.988e+06,3
7.7147e+06,3.2302e+06,5.244e+06,3.3313e+06,4.9941e+06,2.6057e+06,3
2.9543e+06,2.5509e+06,2.2693e+06,2.0088e+06,2.3e+06,2.2527e+06,2
5.736e+06,4.5279e+06,3.8216e+06,5.8693e+06,5.3463e+06,4.8393e+06,1
3.1369e+06,2.0847e+06,2.0433e+06,1.7769e+06,1.5844e+06,1.4411e+06,4
7.3461e+06,4.3955e+06,5.9247e+06,4.3104e+06,4.7242e+06,3.9102e+06,3
2.1113e+06,2.316e+06,1.6363e+06,1.8508e+06,1.9415e+06,1.6341e+06,1
9.6672e+06,6.4336e+06,5.0128e+06,7.0458e+06,4.4138e+06,3.6667e+06,4
5.3816e+06,5.3659e+06,4.9053e+06,3.0379e+06,3.7757e+06,3.9682e+06,2
3.7065e+06,3.2305e+06,3.01e+06,2.4036e+06,2.4719e+06,3.1193e+06,2
2.0284e+06,1.9452e+06,2.3483e+06,2.4985e+06,2.5436e+06,1.9958e+06,1
4.8554e+06,3.2812e+06,3.1946e+06,3.0725e+06,2.7146e+06,2.4775e+06,4
3.5132e+06,2.7868e+06,2.8519e+06,2.8884e+06,2.4122e+06,2.1042e+06,4
4.5964e+06,4.1858e+06,4.0896e+06,4.3736e+06,3.4234e+06,3.1377e+06,2
4.9286e+06,3.0418e+06,3.3161e+06,2.5393e+06,3.0765e+06,2.3277e+06,3
2.807e+06,2.3453e+06,2.1532e+06,2.4092e+06,2.3238e+06,2.0943e+06,1
2.6955e+06,1.9308e+06,2.0997e+06,2.8106e+06,2.0418e+06,1.7514e+06,1
4.6817e+06,4.1933e+06,3.2132e+06,3.9451e+06,2.8298e+06,3.5721e+06,1
9.3218e+06,5.0641e+06,6.3505e+06,4.7344e+06,5.7666e+06,3.5594e+06,3
1.4822e+07,1.2878e+07,7.6979e+06,8.1731e+06,5.7141e+06,6.0166e+06,4
3.8458e+06,2.4229e+06,3.094e+06,2.7068e+06,3.6566e+06,2.2019e+06,2
3.5537e+06,2.1155e+06,2.6301e+06,1.9723e+06,2.2099e+06,1.5213e+06,3
4.6222e+06,2.9842e+06,3.7279e+06,3.4375e+06,4.455e+06,2.9351e+06,1
2.5982e+06,2.24e+06,2.3055e+06,2.1948e+06,1.9302e+06,1.607e+06,4
5.1735e+06,4.4925e+06,4.0432e+06,4.2383e+06,5.0401e+06,4.181e+06,1
2.6544e+06,1.9719e+06,2.116e+06,1.9212e+06,2.0497e+06,1.4438e+06,2
7.4574e+06,2.4285e+06,4.5949e+06,2.6841e+06,5.0296e+06,2.4701e+06,3
3.7246e+06,2.7204e+06,2.7416e+06,2.4186e+06,2.3397e+06,2.0795e+06,1
1.8056e+06,1.549e+06,1.5799e+06,1.9573e+06,1.8235e+06,1.7973e+06,1
3.513e+06,2.5887e+06,2.2691e+06,2.7141e+06,2.1851e+06,1.9751e+06,4
5.9494e+06,3.2379e+06,5.4306e+06,3.6467e+06,4.1017e+06,3.3118e+06,3
7.028e+06,3.2418e+06,5.0932e+06,4.5786e+06,5.9696e+06,3.33e+06,3
5.85e+06,5.0052e+06,4.8003e+06,4.664e+06,4.834e+06,4.2103e+06,2
2.2215e+06,1.9091e+06,2.0798e+06,2.233e+06,2.0173e+06,2.2557e+06,1
2.8226e+06,1.7445e+06,2.0311e+06,1.6582e+06,2.3215e+06,1.2288e+06,3
4.0737e+06,3.2159e+06,2.1893e+06,3.4609e+06,2.0292e+06,1.6282e+06,4
4.3615e+06,3.1495e+06,2.6275e+06,2.7396e+06,2.3478e+06,1.9848e+06,4
3.623e+06,3.2322e+06,2.8665e+06,3.6335e+06,3.542e+06,3.124e+06,1
3.7975e+06,2.0963e+06,2.8862e+06,2.1992e+06,3.5164e+06,1.7526e+06,3
3.7155e+06,3.0133e+06,2.3475e+06,2.8608e+06,2.1502e+06,1.7604e+06,4
3.5168e+06,2.8246e+06,3.1319e+06,2.6171e+06,2.5113e+06,2.6351e+06,2
5.8086e+06,3.2458e+06,4.986e+06,3.6621e+06,3.9862e+06,2.6312e+06,3
5.5574e+06,2.8565e+06,3.7072e+06,2.781e+06,3.1403e+06,1.9646e+06,3
3.1764e+06,2.2381e+06,2.133e+06,2.2319e+06,1.7849e+06,1.8094e+06,2
4.587e+06,3.8307e+06,3.3029e+06,3.0087e+06,2.1524e+06,2.3802e+06,4
2.7279e+06,2.3765e+06,2.2003e+06,2.5481e+06,2.9806e+06,2.311e+06,1
3.7758e+06,2.3734e+06,3.1608e+06,2.1483e+06,2.7169e+06,2.2307e+06,2
3.034e+06,2.4525e+06,2.3751e+06,2.1311e+06,2.055e+06,1.9032e+06,2
3.1081e+06,1.7576e+06,1.9023e+06,1.5459e+06,2.1245e+06,1.4156e+06,2
3.8684e+06,3.7916e+06,3.3854e+06,2.8805e+06,3.0029e+06,3.0324e+06,2
2.5555e+06,2.4648e+06,1.9942e+06,2.2759e+06,1.758e+06,1.6769e+06,4
4.8859e+06,2.6736e+06,3.5143e+06,2.4711e+06,3.6141e+06,2.4895e+06,3
6.2487e+06,6.7614e+06,3.8885e+06,5.5741e+06,2.9332e+06,2.8605e+06,4
8.8711e+06,5.3348e+06,5.6996e+06,5.3685e+06,6.7095e+06,3.9957e+06,3
2.6734e+06,2.5246e+06,2.0025e+06,2.5173e+06,1.9201e+06,1.5489e+06,4
6.767e+06,4.6163e+06,3.7195e+06,4.0693e+06,3.1016e+06,2.6558e+06,4
3.1903e+06,2.4633e+06,2.5688e+06,2.0874e+06,2.2989e+06,1.7867e+06,2
2.78e+06,2.2623e+06,1.988e+06,2.1954e+06,1.7344e+06,1.8126e+06,2
7.5287e+06,4.3331e+06,5.1967e+06,4.0756e+06,5.7094e+06,3.8992e+06,3
5.0122e+06,3.3995e+06,3.054e+06,3.2486e+06,3.1845e+06,3.276e+06,2
2.1281e+06,1.7089e+06,1.5316e+06,2.0578e+06,1.7577e+06,1.4687e+06,1
5.1947e+06,2.9832e+06,2.8242e+06,2.8461e+06,3.0235e+06,2.1706e+06,4
3.3872e+06,2.0786e+06,2.3156e+06,1.7743e+06,2.4476e+06,1.5332e+06,1
4.9855e+06,3.5854e+06,3.0195e+06,3.632e+06,2.1933e+06,1.8963e+06,4
1.0058e+07,4.8337e+06,5.7341e+06,6.7437e+06,4.8034e+06,3.9636e+06,4
5.7867e+06,2.9461e+06,4.4256e+06,2.9179e+06,3.8034e+06,2.0257e+06,3
1.8906e+06,1.8066e+06,1.9613e+06,2.0598e+06,2.4563e+06,2.1453e+06,1
2.8854e+06,2.3762e+06,2.3126e+06,2.8145e+06,2.7228e+06,2.7189e+06,2
2.7686e+06,1.5564e+06,2.5556e+06,2.0624e+06,2.3217e+06,1.8256e+06,3
2.2009e+06,2.5323e+06,1.9029e+06,1.9375e+06,1.9653e+06,2.1609e+06,1
6.2403e+06,6.0055e+06,4.4101e+06,4.1198e+06,3.0199e+06,3.9536e+06,2
4.0286e+06,3.7534e+06,3.5933e+06,3.746e+06,4.7511e+06,3.5822e+06,1
4.6004e+06,4.2801e+06,3.856e+06,3.4887e+06,3.8926e+06,3.7332e+06,2
2.6348e+06,2.8682e+06,2.0048e+06,2.3494e+06,2.014e+06,3.1163e+06,1
5.8776e+06,2.9575e+06,4.0171e+06,2.1438e+06,4.0478e+06,1.7225e+06,3
7.715e+06,3.8826e+06,5.9952e+06,4.3356e+06,6.1547e+06,3.523e+06,3
2.2893e+06,1.9561e+06,1.6322e+06,1.9397e+06,1.759e+06,1.7757e+06,1
4.6431e+06,4.1811e+06,3.8624e+06,3.7998e+06,3.6588e+06,3.5361e+06,4
3.6068e+06,2.7287e+06,3.2038e+06,3.6611e+06,3.484e+06,2.6682e+06,3
2.3583e+06,1.4042e+06,1.6729e+06,1.4568e+06,1.9125e+06,1.2291e+06,3
3.222e+06,1.8134e+06,2.5184e+06,2.3233e+06,2.9183e+06,2.1324e+06,3
3.0714e+06,3.0581e+06,3.2383e+06,2.5296e+06,2.8497e+06,2.8025e+06,2
2.5629e+06,1.7945e+06,1.8939e+06,1.7288e+06,1.5718e+06,1.3769e+06,1
6.9704e+06,4.4136e+06,4.0702e+06,3.8591e+06,3.2175e+06,2.8991e+06,4
2.3669e+06,2.1342e+06,1.7972e+06,2.5811e+06,2.2827e+06,1.9892e+06,1
2.6466e+06,2.3815e+06,1.9177e+06,2.3765e+06,2.0722e+06,2.058e+06,4
1.9606e+06,1.5422e+06,1.9588e+06,1.2632e+06,1.6475e+06,1.4144e+06,2
4.2643e+06,2.9807e+06,2.5221e+06,3.0617e+06,2.4177e+06,2.1537e+06,4
3.0146e+06,3.0311e+06,2.2723e+06,2.2522e+06,2.4446e+06,2.1633e+06,1
5.6757e+06,4.63e+06,3.4008e+06,3.9817e+06,2.6438e+06,2.7515e+06,4
7.0308e+06,5.1143e+06,5.7788e+06,5.274e+06,4.9857e+06,5.1756e+06,2
3.7799e+06,2.7219e+06,2.7717e+06,2.6354e+06,2.1823e+06,2.0055e+06,4
3.9238e+06,1.954e+06,3.107e+06,1.6456e+06,2.8377e+06,1.5427e+06,3
6.4351e+06,7.4162e+06,7.1685e+06,5.3689e+06,5.2917e+06,5.3909e+06,2
5.4719e+06,3.6362e+06,3.8971e+06,3.1082e+06,3.0082e+06,2.8331e+06,2
5.3569e+06,5.7265e+06,3.6081e+06,5.4947e+06,4.7869e+06,5.5644e+06,1
2.5891e+06,1.9713e+06,1.8142e+06,1.8865e+06,1.7212e+06,1.7925e+06,4
3.6105e+06,2.5198e+06,2.5025e+06,2.0331e+06,2.5385e+06,1.6337e+06,3
1.5715e+06,1.3317e+06,1.5354e+06,1.2393e+06,1.3921e+06,1.6299e+06,1
5.7479e+06,3.8478e+06,4.6967e+06,3.9183e+06,4.0319e+06,2.7574e+06,3
3.9062e+06,3.5724e+06,3.3229e+06,3.0572e+06,2.9871e+06,3.0086e+06,2
3.5468e+06,2.6647e+06,2.9872e+06,2.649e+06,2.504e+06,2.521e+06,2
3.1696e+06,2.6724e+06,2.8794e+06,2.2615e+06,3.2762e+06,1.8274e+06,4
2.4081e+06,2.0161e+06,1.7867e+06,2.543e+06,2.4261e+06,2.255e+06,1
4.8995e+06,2.7416e+06,3.825e+06,2.7548e+06,3.3662e+06,2.1198e+06,3
2.8073e+06,1.9367e+06,1.98e+06,2.1653e+06,2.5302e+06,2.5926e+06,1
3.1136e+06,2.3319e+06,2.5078e+06,3.1968e+06,2.4111e+06,2.8146e+06,4
3.8461e+06,2.9364e+06,2.3339e+06,3.4128e+06,2.2443e+06,1.8229e+06,4
3.7463e+06,2.8037e+06,2.6859e+06,2.8311e+06,2.4099e+06,2.7382e+06,2
4.6096e+06,4.5158e+06,4.2179e+06,4.049e+06,3.9118e+06,4.514e+06,2
4.4781e+06,2.3482e+06,3.0645e+06,2.3401e+06,3.1167e+06,1.8111e+06,3
2.0798e+06,1.5402e+06,1.7256e+06,1.3605e+06,1.2721e+06,1.466e+06,1
3.0589e+06,2.0524e+06,2.5524e+06,1.8408e+06,2.0086e+06,1.6765e+06,3
2.8289e+06,1.6513e+06,2.0513e+06,1.8406e+06,2.075e+06,1.4781e+06,3
5.254e+06,3.7373e+06,3.4326e+06,4.0436e+06,2.8665e+06,2.6899e+06,4
9.0307e+06,3.903e+06,5.0524e+06,4.6865e+06,5.9229e+06,3.2846e+06,3
2.7726e+06,2.2368e+06,2.2649e+06,2.5555e+06,2.3766e+06,2.4822e+06,1
2.1449e+06,2.0651e+06,2.0355e+06,2.0177e+06,2.3576e+06,2.5676e+06,1
7.9132e+06,4.2897e+06,5.7217e+06,4.6936e+06,5.1534e+06,3.0071e+06,3
7.6856e+06,4.2214e+06,6.382e+06,3.4561e+06,6.6304e+06,3.1256e+06,3
2.5983e+06,1.8377e+06,1.7762e+06,1.6957e+06,1.6975e+06,1.6669e+06,3
6.913e+06,5.5041e+06,5.8338e+06,5.3409e+06,6.3792e+06,4.3009e+06,3
2.4359e+06,1.964e+06,2.0391e+06,1.9264e+06,2.0881e+06,1.5053e+06,1
3.4919e+06,3.0043e+06,2.8328e+06,3.4368e+06,2.7026e+06,3.3354e+06,1
2.6874e+06,2.3793e+06,2.796e+06,1.8007e+06,2.3452e+06,2.267e+06,2
3.0927e+06,2.8335e+06,3.0306e+06,2.7798e+06,2.419e+06,2.5901e+06,1
3.7765e+06,2.6635e+06,3.0205e+06,2.7829e+06,2.8125e+06,2.3131e+06,4
3.9703e+06,1.81e+06,2.7599e+06,2.0341e+06,2.3084e+06,1.7934e+06,3
3.2219e+06,2.5163e+06,2.4133e+06,2.0105e+06,2.01e+06,2.4397e+06,2
4.0231e+06,2.3156e+06,2.6162e+06,2.2552e+06,2.7086e+06,2.1457e+06,3
3.1051e+06,2.4572e+06,2.0413e+06,2.3604e+06,1.909e+06,1.6615e+06,4
2.8785e+06,1.9874e+06,2.2296e+06,2.4337e+06,2.449e+06,2.5918e+06,1
2.3687e+06,2.1553e+06,2.2358e+06,2.1109e+06,1.7693e+06,2.3013e+06,4
5.7815e+06,5.8242e+06,4.3906e+06,6.3668e+06,5.5987e+06,4.4729e+06,1
3.9294e+06,2.5667e+06,2.8348e+06,3.0133e+06,3.0331e+06,2.6855e+06,4
2.989e+06,2.0642e+06,1.8422e+06,1.8714e+06,1.7786e+06,1.469e+06,4
5.0322e+06,3.9753e+06,3.0355e+06,3.7415e+06,2.911e+06,2.6697e+06,4
2.1069e+06,1.3644e+06,1.4119e+06,1.5122e+06,1.4173e+06,1.1854e+06,4
3.0876e+06,2.8208e+06,2.6277e+06,2.3359e+06,2.2907e+06,2.1057e+06,2
3.3574e+06,2.4659e+06,2.9404e+06,2.5166e+06,2.6522e+06,3.299e+06,2
1.8022e+06,1.6297e+06,1.5072e+06,1.6603e+06,2.2281e+06,1.9554e+06,1
4.2803e+06,2.6699e+06,2.9103e+06,2.8572e+06,2.4438e+06,2.0953e+06,3
2.5958e+06,2.3521e+06,2.0206e+06,1.9599e+06,2.0291e+06,1.5502e+06,2
2.1674e+06,2.089e+06,2.2173e+06,1.5859e+06,1.8238e+06,2.0539e+06,2
2.2285e+06,1.8498e+06,1.9511e+06,2.0998e+06,1.8981e+06,1.5428e+06,2
3.8017e+06,3.7135e+06,3.2457e+06,4.0396e+06,3.7453e+06,3.0939e+06,1
1.6861e+06,1.6404e+06,1.5946e+06,1.3065e+06,1.4793e+06,1.55e+06,2
6.4171e+06,4.4703e+06,4.798e+06,4.354e+06,3.7915e+06,2.9413e+06,4
1.8009e+06,1.3397e+06,1.1654e+06,1.5761e+06,1.3517e+06,1.0868e+06,2